old_sha256,old_size,target_count,replacement_target_count,unchanged_target_count,content_classification,legacy_group_representative_target,source_resolution,canonical_source_asset_path,source_candidate_count,source_candidates,replacement_targets,unchanged_targets
e639103922c29b25905399f887318ef079d06c0ca95d8cf0f9cf73f84e39402d,372932,149,149,0,exact_current_official_content,assets/img/bg/1080/aegleseeker.jpg,unique_official_source,assets/img/bg/1080/observer_conflict.jpg,1,assets/img/bg/1080/observer_conflict.jpg,assets/img/bg/1080/aegleseeker.jpg|assets/img/bg/1080/aegleseeker_grey.jpg|assets/img/bg/1080/aethercrest.jpg|assets/img/bg/1080/alexandrite.jpg|assets/img/bg/1080/alice_conflict.jpg|assets/img/bg/1080/alice_light.jpg|assets/img/bg/1080/alterego.jpg|assets/img/bg/1080/altergate.jpg|assets/img/bg/1080/anima_conflict.jpg|assets/img/bg/1080/anima_light.jpg|assets/img/bg/1080/apophenia.jpg|assets/img/bg/1080/arcahv.jpg|assets/img/bg/1080/arcanaeden.jpg|assets/img/bg/1080/arghena.jpg|assets/img/bg/1080/aterlbus.jpg|assets/img/bg/1080/auxesia.jpg|assets/img/bg/1080/axiumcrisis.jpg|assets/img/bg/1080/azalea.jpg|assets/img/bg/1080/base_conflict.jpg|assets/img/bg/1080/base_light.jpg|assets/img/bg/1080/byd_2_conflict.jpg|assets/img/bg/1080/byd_2_light.jpg|assets/img/bg/1080/byd_conflict.jpg|assets/img/bg/1080/byd_light.jpg|assets/img/bg/1080/chuni-garakuta.jpg|assets/img/bg/1080/chuni-ikazuchi.jpg|assets/img/bg/1080/chuni-worldvanquisher.jpg|assets/img/bg/1080/chunithmnew_conflict.jpg|assets/img/bg/1080/chunithmnew_light.jpg|assets/img/bg/1080/chunithmthird_conflict.jpg|assets/img/bg/1080/codeoblivion.jpg|assets/img/bg/1080/cyaegha.jpg|assets/img/bg/1080/cytus_boss.jpg|assets/img/bg/1080/cytus_conflict.jpg|assets/img/bg/1080/cytus_light.jpg|assets/img/bg/1080/designant.jpg|assets/img/bg/1080/djmax_conflict.jpg|assets/img/bg/1080/djmax_light.jpg|assets/img/bg/1080/djmax_nightmare.jpg|assets/img/bg/1080/djmax_wagd.jpg|assets/img/bg/1080/dynamix_conflict.jpg|assets/img/bg/1080/dynamix_light.jpg|assets/img/bg/1080/eclipse_conflict.jpg|assets/img/bg/1080/eclipse_light.jpg|assets/img/bg/1080/eden_append_conflict.jpg|assets/img/bg/1080/eden_append_light.jpg|assets/img/bg/1080/eden_boss.jpg|assets/img/bg/1080/eden_conflict.jpg|assets/img/bg/1080/eden_light.jpg|assets/img/bg/1080/epilogue.jpg|assets/img/bg/1080/etherstrike.jpg|assets/img/bg/1080/extradimensional.jpg|assets/img/bg/1080/felis.jpg|assets/img/bg/1080/finale_conflict.jpg|assets/img/bg/1080/finale_light.jpg|assets/img/bg/1080/fractureray.jpg|assets/img/bg/1080/gc_buchigire.jpg|assets/img/bg/1080/gc_conflict.jpg|assets/img/bg/1080/gc_lance.jpg|assets/img/bg/1080/gc_light.jpg|assets/img/bg/1080/gc_ouroboros.jpg|assets/img/bg/1080/gou.jpg|assets/img/bg/1080/grievouslady.jpg|assets/img/bg/1080/hime_conflict.jpg|assets/img/bg/1080/hime_light.jpg|assets/img/bg/1080/lamentrain.jpg|assets/img/bg/1080/lamia.jpg|assets/img/bg/1080/lanota-conflict.jpg|assets/img/bg/1080/lanota-light.jpg|assets/img/bg/1080/lephon.jpg|assets/img/bg/1080/lethaeus.jpg|assets/img/bg/1080/macula_conflict_a.jpg|assets/img/bg/1080/macula_conflict_b.jpg|assets/img/bg/1080/macula_light_a.jpg|assets/img/bg/1080/macula_light_b.jpg|assets/img/bg/1080/magnolia.jpg|assets/img/bg/1080/maimai_boss.jpg|assets/img/bg/1080/maimai_conflict.jpg|assets/img/bg/1080/maimai_light.jpg|assets/img/bg/1080/megalovaniarmx.jpg|assets/img/bg/1080/megarex_conflict.jpg|assets/img/bg/1080/megarex_light.jpg|assets/img/bg/1080/megarex_signal.jpg|assets/img/bg/1080/meta_mysteria.jpg|assets/img/bg/1080/mirai_awakened.jpg|assets/img/bg/1080/mirai_conflict.jpg|assets/img/bg/1080/mirai_light.jpg|assets/img/bg/1080/modelista.jpg|assets/img/bg/1080/musedash_conflict.jpg|assets/img/bg/1080/musedash_light.jpg|assets/img/bg/1080/nextstage_light.jpg|assets/img/bg/1080/nihil.jpg|assets/img/bg/1080/nijuusei-conflict-b.jpg|assets/img/bg/1080/nijuusei-light-b.jpg|assets/img/bg/1080/nijuusei2_conflict.jpg|assets/img/bg/1080/nijuusei2_light.jpg|assets/img/bg/1080/nirvluce.jpg|assets/img/bg/1080/observer_light.jpg|assets/img/bg/1080/omatsuri_conflict.jpg|assets/img/bg/1080/omatsuri_light.jpg|assets/img/bg/1080/omegafour.jpg|assets/img/bg/1080/ongeki_conflict.jpg|assets/img/bg/1080/ongeki_light.jpg|assets/img/bg/1080/pentiment.jpg|assets/img/bg/1080/pragmatism.jpg|assets/img/bg/1080/pragmatism3.jpg|assets/img/bg/1080/prelude_conflict.jpg|assets/img/bg/1080/prelude_light.jpg|assets/img/bg/1080/quon.jpg|assets/img/bg/1080/rei.jpg|assets/img/bg/1080/ringedgenesis.jpg|assets/img/bg/1080/rotaeno_conflict.jpg|assets/img/bg/1080/rotaeno_light.jpg|assets/img/bg/1080/saikyostronger.jpg|assets/img/bg/1080/sheriruth.jpg|assets/img/bg/1080/shiawase.jpg|assets/img/bg/1080/shiawase2.jpg|assets/img/bg/1080/single2_conflict.jpg|assets/img/bg/1080/single2_light.jpg|assets/img/bg/1080/single_conflict.jpg|assets/img/bg/1080/single_light.jpg|assets/img/bg/1080/solitarydream.jpg|assets/img/bg/1080/spidersthread.jpg|assets/img/bg/1080/tanoc_conflict.jpg|assets/img/bg/1080/tanoc_light.jpg|assets/img/bg/1080/tanoc_red.jpg|assets/img/bg/1080/tempestissimo.jpg|assets/img/bg/1080/tempestissimo_red.jpg|assets/img/bg/1080/temptation.jpg|assets/img/bg/1080/testify.jpg|assets/img/bg/1080/tiferet.jpg|assets/img/bg/1080/tonesphere-darksphere.jpg|assets/img/bg/1080/tonesphere-solarsphere.jpg|assets/img/bg/1080/touhou_conflict.jpg|assets/img/bg/1080/touhou_light.jpg|assets/img/bg/1080/undertale_conflict.jpg|assets/img/bg/1080/undertale_light.jpg|assets/img/bg/1080/viciousheroism3.jpg|assets/img/bg/1080/virtus.jpg|assets/img/bg/1080/vs_conflict.jpg|assets/img/bg/1080/vs_light.jpg|assets/img/bg/1080/vulcanus.jpg|assets/img/bg/1080/wacca_boss.jpg|assets/img/bg/1080/wacca_conflict.jpg|assets/img/bg/1080/wacca_light.jpg|assets/img/bg/1080/xterfusion.jpg|assets/img/bg/1080/yugamu.jpg|assets/img/bg/1080/zettai.jpg|assets/img/bg/1080/zettai_light.jpg,
2676bdfc5082616e50b62b64e55c1b74c8d5c0d01013d7365110db30c6ab7068,5439,65,65,0,fully_transparent_placeholder,assets/img/bg/1080/alterego_clear.png,no_current_official_match,,0,,assets/img/bg/1080/alterego_clear.png|assets/img/bg/1080/arghena_clear.png|assets/img/bg/1080/byd_2_conflict-clear.png|assets/img/bg/1080/byd_2_conflict_clear.png|assets/img/bg/1080/byd_2_light_clear.png|assets/img/bg/1080/byd_diamond_conflict.png|assets/img/bg/1080/byd_diamond_light.png|assets/img/bg/1080/chunithmnew_conflict_clear.png|assets/img/bg/1080/chunithmnew_light_clear.png|assets/img/bg/1080/chunithmthird_conflict_clear.png|assets/img/bg/1080/chunithmthird_conflict_diamond.png|assets/img/bg/1080/diamond_musedash_conflict.png|assets/img/bg/1080/diamond_musedash_light.png|assets/img/bg/1080/djmax_clear.png|assets/img/bg/1080/djmax_nightmare_clear.png|assets/img/bg/1080/djmax_wagd_clear.png|assets/img/bg/1080/gc_light_clear.png|assets/img/bg/1080/gou_clear.png|assets/img/bg/1080/gou_diamond.png|assets/img/bg/1080/lamia_clear.png|assets/img/bg/1080/lamia_diamond.png|assets/img/bg/1080/lethaeus_clear.png|assets/img/bg/1080/macula_conflict_a_clear.png|assets/img/bg/1080/macula_conflict_clear.png|assets/img/bg/1080/macula_light_a_clear.png|assets/img/bg/1080/macula_light_clear.png|assets/img/bg/1080/magnolia_clear.png|assets/img/bg/1080/maimai_boss_clear.png|assets/img/bg/1080/maimai_boss_diamond.png|assets/img/bg/1080/maimai_light_clear.png|assets/img/bg/1080/meta_mysteria_clear.png|assets/img/bg/1080/mirai_conflict_clear.png|assets/img/bg/1080/mirai_light_clear.png|assets/img/bg/1080/musedash_conflict_clear.png|assets/img/bg/1080/musedash_light_clear.png|assets/img/bg/1080/nijuusei-conflict-b_clear.png|assets/img/bg/1080/nijuusei-light-b_clear.png|assets/img/bg/1080/omegafour_clear.png|assets/img/bg/1080/omegafour_diamond.png|assets/img/bg/1080/ongeki_light_clear.png|assets/img/bg/1080/ongeki_light_diamond.png|assets/img/bg/1080/prelude_conflict_clear.png|assets/img/bg/1080/prelude_overlay_conflict.png|assets/img/bg/1080/prelude_overlay_light.png|assets/img/bg/1080/single2_conflict_clear.png|assets/img/bg/1080/single2_conflict_diamond.png|assets/img/bg/1080/single2_light_clear.png|assets/img/bg/1080/single2_light_diamond.png|assets/img/bg/1080/spidersthread_clear.png|assets/img/bg/1080/temptation_clear.png|assets/img/bg/1080/testify_clear.png|assets/img/bg/1080/testify_diamond.png|assets/img/bg/1080/touhou_conflict_clear.png|assets/img/bg/1080/touhou_light_clear.png|assets/img/bg/1080/vs_light_clear.png|assets/img/bg/1080/wacca_boss_clear.png|assets/img/bg/1080/wacca_clear_boss.png|assets/img/bg/1080/wacca_clear_conflict.png|assets/img/bg/1080/wacca_clear_light.png|assets/img/bg/1080/wacca_conflict_clear.png|assets/img/bg/1080/wacca_light_clear.png|assets/img/bg/1080/zettai_clear.png|assets/img/bg/1080/zettai_overlay.png|assets/img/bg/1080/zettai_overlay_light.png|assets/img/bg/undying_macula_conflict_clear.png,
8cbbde7dd4ca9d830f397fd03db957e16986f6671c00d03071225a930586f181,3057,28,28,0,fully_transparent_placeholder,assets/img/bg/1080/aegleseeker_clear.png,no_current_official_match,,0,,assets/img/bg/1080/aegleseeker_clear.png|assets/img/bg/1080/alice_conflict_clear.png|assets/img/bg/1080/alice_conflict_diamond.png|assets/img/bg/1080/alice_light_clear.png|assets/img/bg/1080/alice_light_diamond.png|assets/img/bg/1080/arcahv_clear.png|assets/img/bg/1080/arcahv_diamond.png|assets/img/bg/1080/arcanaeden_clear.png|assets/img/bg/1080/arcanaeden_diamond.png|assets/img/bg/1080/byd_conflict_clear.png|assets/img/bg/1080/byd_light_clear.png|assets/img/bg/1080/diamond_finale_conflict.png|assets/img/bg/1080/diamond_finale_light.png|assets/img/bg/1080/epilogue_clear.png|assets/img/bg/1080/finale_conflict_clear.png|assets/img/bg/1080/finale_light_clear.png|assets/img/bg/1080/hime_conflict_clear.png|assets/img/bg/1080/hime_diamond_conflict.png|assets/img/bg/1080/hime_diamond_light.png|assets/img/bg/1080/hime_light_clear.png|assets/img/bg/1080/observer_conflict_clear.png|assets/img/bg/1080/observer_conflict_diamond.png|assets/img/bg/1080/observer_light_clear.png|assets/img/bg/1080/observer_light_diamond.png|assets/img/bg/1080/omatsuri_light_clear.png|assets/img/bg/1080/pentiment_clear.png|assets/img/bg/1080/pentiment_diamond.png|assets/img/bg/1080/zettai_light_clear.png,
8f6bd9afd7971e2b518a830cc09f79f47652f11fb346307ccd8c89f6e6c6db8b,6431,12,12,0,exact_current_official_content,assets/img/track.png,unique_official_source,assets/img/track_black.png,1,assets/img/track_black.png,assets/img/track.png|assets/img/track_arcana.png|assets/img/track_colorless.png|assets/img/track_dark.png|assets/img/track_dark_nijuusei.png|assets/img/track_dark_vs.png|assets/img/track_extralane_dark.png|assets/img/track_extralane_light.png|assets/img/track_finale.png|assets/img/track_pentiment.png|assets/img/track_rei.png|assets/img/track_tempestissimo.png,
c2153f77e11087fcb078ae38527fa83bef29791e3700e30cc87fec4405a66d0f,70,11,11,0,fully_transparent_placeholder,assets/img/bg/1080/aegleseeker_diamond.png,no_current_official_match,,0,,assets/img/bg/1080/aegleseeker_diamond.png|assets/img/bg/1080/byd_2_light-clear.png|assets/img/bg/1080/designant_clear.png|assets/img/bg/1080/epilogue_diamond.png|assets/img/bg/1080/lamentrain_clear.png|assets/img/bg/1080/lephon_clear.png|assets/img/bg/1080/omatsuri_overlay_light.png|assets/img/bg/1080/saikyostronger_overlay.png|assets/img/bg/1080/shiawase_clear.png|assets/img/bg/1080/virtus_clear.png|assets/img/bg/1080/vulcanus_clear.png,
50c5b75686b2117317ce29f27fc21db566a4b627137b05132cfa23e57748f150,4099,10,10,0,fully_transparent_placeholder,assets/img/bg/1080/mirai_awakened_clear.png,no_current_official_match,,0,,assets/img/bg/1080/mirai_awakened_clear.png|assets/img/bg/1080/mirai_awakened_glow.png|assets/img/bg/1080/saikyostronger_clear.png|assets/img/bg/1080/tanoc_conflict_clear.png|assets/img/bg/1080/tanoc_light_clear.png|assets/img/bg/1080/tanoc_overlay_conflict.png|assets/img/bg/1080/tanoc_overlay_light.png|assets/img/bg/1080/tanoc_overlay_red.png|assets/img/bg/1080/tanoc_red_clear.png|assets/img/bg/1080/xterfusion_clear.png,
43f7aa9fb6881b29485c1d58c9ada63f3fa2d5d2169a288c32ba4a38f493e0cd,5409,7,7,0,fully_transparent_placeholder,assets/img/bg/1080/eden_append_conflict_clear.png,no_current_official_match,,0,,assets/img/bg/1080/eden_append_conflict_clear.png|assets/img/bg/1080/eden_append_light_clear.png|assets/img/bg/1080/eden_boss_clear.png|assets/img/bg/1080/eden_conflict_clear.png|assets/img/bg/1080/eden_light_clear.png|assets/img/bg/1080/rotaeno_conflict_clear.png|assets/img/bg/1080/rotaeno_light_clear.png,
33b82dc43eed923df9b5eebf3663a33fe18873bfe8ac43bf40d491994531bd13,5416,5,5,0,fully_transparent_placeholder,assets/img/bg/1080/altergate_clear.png,no_current_official_match,,0,,assets/img/bg/1080/altergate_clear.png|assets/img/bg/1080/cytus_boss_clear.png|assets/img/bg/1080/diamond_vs_conflict.png|assets/img/bg/1080/diamond_vs_light.png|assets/img/bg/1080/vs_conflict_clear.png,
a02c7824db67169b0782e4197aeaa58724444b1224b69c49e524a3375ac5d689,10811,5,5,0,fully_transparent_placeholder,assets/img/bg/1080/arcahv-srt.png,no_current_official_match,,0,,assets/img/bg/1080/arcahv-srt.png|assets/img/bg/1080/etherstrike_.png|assets/img/bg/1080/etherstrike_o.png|assets/img/bg/undying_macula_diamond.png|assets/img/bg/undying_macula_diamond_dark.png,
1376680e3fe26298fc093b3566e252b2ac1f00611b728c9eea4df62470601e4a,4806,3,3,0,fully_transparent_placeholder,assets/img/bg/1080/maimai_conflict_clear.png,no_current_official_match,,0,,assets/img/bg/1080/maimai_conflict_clear.png|assets/img/bg/1080/maimai_conflict_diamond.png|assets/img/bg/1080/maimai_light_diamond.png,
87d1931f56dabcddbf82d7b762ff41ba07895e25d6d7d96734816e1ab91bdb79,2611,3,3,0,fully_transparent_placeholder,assets/img/bg/1080/diamond_pragmatism3.png,no_current_official_match,,0,,assets/img/bg/1080/diamond_pragmatism3.png|assets/img/bg/1080/diamond_ts_light.png|assets/img/bg/1080/pragmatism3_clear.png,
a6d03c118b0431ae8618cd2e92264a75291a73f6869673af6250478bd8e0127c,2506,3,3,0,fully_transparent_placeholder,assets/img/bg/1080/diamond_nijuusei2_conflict.png,no_current_official_match,,0,,assets/img/bg/1080/diamond_nijuusei2_conflict.png|assets/img/bg/1080/diamond_nijuusei2_light.png|assets/img/bg/1080/nijuusei2_conflict_clear.png,
c57daffa17c3cb0be82232e7a581148675c4e28593fb7c4220e7967466f9a166,2455,3,3,0,fully_transparent_placeholder,assets/img/bg/1080/gc_conflict_clear.png,no_current_official_match,,0,,assets/img/bg/1080/gc_conflict_clear.png|assets/img/bg/1080/gc_glow_conflict.png|assets/img/bg/1080/gc_glow_light.png,
e69cf76f04195a1b138471fc4f44a769249eb7860c2837cf0e57eb95652a4c84,5298,3,3,0,fully_transparent_placeholder,assets/img/bg/1080/nihil_clear.png,no_current_official_match,,0,,assets/img/bg/1080/nihil_clear.png|assets/img/bg/1080/undertale_conflict_clear.png|assets/img/bg/1080/undertale_light_clear.png,
02e2d6dd551ce5d40d96b826b8cfb164bad9b47141c0874392d3c155e2362d8e,2416,2,2,0,fully_transparent_placeholder,assets/img/bg/1080/chuni-garakuta_clear.png,no_current_official_match,,0,,assets/img/bg/1080/chuni-garakuta_clear.png|assets/img/bg/1080/diamond_garakuta.png,
1ab63e4a6d669914cc984c7336189d3d194eff5db809fa0968d29633c4b1010f,5238,2,2,0,fully_transparent_placeholder,assets/img/bg/1080/aethercrest_clear.png,no_current_official_match,,0,,assets/img/bg/1080/aethercrest_clear.png|assets/img/bg/1080/megalovaniarmx_clear.png,
1c3641cdffc204039b4b27f7ca132f18b328396157ef7bb990047f73139aec38,5432,2,2,0,fully_transparent_placeholder,assets/img/bg/1080/cytus_conflict_clear.png,no_current_official_match,,0,,assets/img/bg/1080/cytus_conflict_clear.png|assets/img/bg/1080/cytus_light_clear.png,
22a8bbd36832c1c06ced53337a2a2f058a811db78231648f5c5b262e26b345b6,3293,2,2,0,fully_transparent_placeholder,assets/img/bg/1080/etherstrike_clear.png,no_current_official_match,,0,,assets/img/bg/1080/etherstrike_clear.png|assets/img/bg/1080/etherstrike_diamond.png,
3365ae558e415bd58cf7aca850018d420988501f1c294bc46135cdbc9eacd2dc,1615,2,2,0,fully_transparent_placeholder,assets/img/bg/1080/gc_glow_lance.png,no_current_official_match,,0,,assets/img/bg/1080/gc_glow_lance.png|assets/img/bg/1080/gc_lance_clear.png,
46e05d3ff8d4d5a83ff468c6638b98c83c647d5790cd9006748d99b1ca35943c,1343,2,2,0,fully_transparent_placeholder,assets/img/bg/diamond.png,no_current_official_match,,0,,assets/img/bg/diamond.png|assets/img/bg/triangle_light.png,
7afdcab9b2f05fabcbc86455cddff32b990852856b1d105f98b40ea3f4617b71,3846,2,2,0,fully_transparent_placeholder,assets/img/bg/1080/tempestissimo_clear.png,no_current_official_match,,0,,assets/img/bg/1080/tempestissimo_clear.png|assets/img/bg/1080/tempestissimo_diamond.png,
bc0f8bbf088ea59b1edb62853d041c61d9341c8447c03f5d2633d92aa8f33d5e,2237,2,2,0,fully_transparent_placeholder,assets/img/bg/1080/chuni-ikazuchi_clear.png,no_current_official_match,,0,,assets/img/bg/1080/chuni-ikazuchi_clear.png|assets/img/bg/1080/diamond_ikazuchi.png,
bca8dc14eb2603b398e34a9a5d0bf802067d8b40e0a1a88ae2a281a8896efc8d,2344,2,2,0,fully_transparent_placeholder,assets/img/bg/1080/felis_clear.png,no_current_official_match,,0,,assets/img/bg/1080/felis_clear.png|assets/img/bg/1080/felis_diamond.png,
cbaf7787ec7df7ea0787eb2a015a75e3c92459f1e87162f0c246b2b8cde4c703,3896,2,2,0,fully_transparent_placeholder,assets/img/bg/1080/diamond_ringedgenesis.png,no_current_official_match,,0,,assets/img/bg/1080/diamond_ringedgenesis.png|assets/img/bg/1080/ringedgenesis_clear.png,
d50900bddba41d4304b1f739671ca6c8585f8c3808720551ced27e0f67ff7dca,3701,2,2,0,fully_transparent_placeholder,assets/img/bg/1080/chuni-worldvanquisher_clear.png,no_current_official_match,,0,,assets/img/bg/1080/chuni-worldvanquisher_clear.png|assets/img/bg/1080/diamond_worldvanquisher.png,
e67bd9abe556df10ab2abaad9f1ac7748f11abc98d6460cd6406124c21139417,2463,2,2,0,fully_transparent_placeholder,assets/img/bg/1080/prelude_light_clear.png,no_current_official_match,,0,,assets/img/bg/1080/prelude_light_clear.png|assets/img/bg/ongeki_conflict_diamond.png,
04bea7233b8b44e387199d5f601670a93614f6d627e9e340c0d156d15fdc2eef,15339,1,1,0,exact_current_official_content,assets/models/tap_l.png,unique_official_source,assets/models/tap_d.png,1,assets/models/tap_d.png,assets/models/tap_l.png,
075b8ff49f618215a8153145c707e14e60fd6d8a01357992940938029b53f46c,5604,1,1,0,fully_transparent_placeholder,assets/img/bg/1080/arcahv-debris.png,no_current_official_match,,0,,assets/img/bg/1080/arcahv-debris.png,
1a8cff9a45e3112634bbf3cb119a250bd681b280bc326bf71facd168ff43e1d5,5222,1,1,0,fully_transparent_placeholder,assets/img/bg/1080/eclipse_clear.png,no_current_official_match,,0,,assets/img/bg/1080/eclipse_clear.png,
260f09654f48f72df79c80b3ab88f20bbff77762eebfd30fa814b087da4ae4f6,10870,1,1,0,fully_transparent_placeholder,assets/img/bg/1080/axiumcrisis_.png,no_current_official_match,,0,,assets/img/bg/1080/axiumcrisis_.png,
265149d454822c2c808720c61f5a4317c0bfda56fc96598ea7b19b6ea52c5dd1,4144,1,1,0,fully_transparent_placeholder,assets/img/bg/bg_darken.png,no_current_official_match,,0,,assets/img/bg/bg_darken.png,
2855027b108bf147722f3761c1d8837162bea0a5db3e87e99cfd5ecef29b34b0,39013,1,1,0,exact_current_official_content,assets/img/note_hold.png,unique_official_source,assets/img/note_hold_dark.png,1,assets/img/note_hold_dark.png,assets/img/note_hold.png,
5c53ce77878a273d0339a0902fca2fc829028a9dc3546e0428db2469495f38ee,1432,1,1,0,fully_transparent_placeholder,assets/img/bg/diamond_shiawase.png,no_current_official_match,,0,,assets/img/bg/diamond_shiawase.png,
5d73c36cfdc311ba5866a878c07d6e3f8e28dc00d4703606383723c675e4c0c4,38058,1,1,0,exact_current_official_content,assets/img/note_hold_hi.png,unique_official_source,assets/img/note_hold_dark_hi.png,1,assets/img/note_hold_dark_hi.png,assets/img/note_hold_hi.png,
66cdd5925489af9b7c6ee9d5cf3d2c14a02d8998aa20df9aba586134f3229188,4434,1,1,0,fully_transparent_placeholder,assets/img/bg/1080/apophenia_clear.png,no_current_official_match,,0,,assets/img/bg/1080/apophenia_clear.png,
679c054025ef54bcfbe6cbb1953027654716c277de2ae7b858033defd5d7fef6,11254,1,1,0,fully_transparent_placeholder,assets/img/bg/1080/etherstrike_2.png,no_current_official_match,,0,,assets/img/bg/1080/etherstrike_2.png,
6e56d0fc477adca126de2a7a8c3a76a3f1747a48b486c523eeaf6dc74cb96dd0,5386,1,1,0,fully_transparent_placeholder,assets/img/bg/1080/anima_clear.png,no_current_official_match,,0,,assets/img/bg/1080/anima_clear.png,
795c6c89bdefe31a78387c7a65a89e39b8ed3c8dcfc82cd739f8117057610a97,3012,1,1,0,fully_transparent_placeholder,assets/img/bg/1080/nijuusei2_light_clear.png,no_current_official_match,,0,,assets/img/bg/1080/nijuusei2_light_clear.png,
887d266729491e0a7fa454d5e8a5b1e15558ab77b2bd4d7e4c5da4b2c2f14d79,18297,1,1,0,exact_current_official_content,assets/models/sfx_d_core.jpg,unique_official_source,assets/models/sfx_l_core.jpg,1,assets/models/sfx_l_core.jpg,assets/models/sfx_d_core.jpg,
a2ea159ebd553ee198f38e31a4527c03b5c4dce9a4169498d313b86294355beb,3486,1,1,0,no_current_official_match,assets/img/card_mask.png,no_current_official_match,,0,,assets/img/card_mask.png,
d6156e8498394c29951001500d2a9a2b255b447699e720ca79eb7e3356f51708,47532,1,1,0,no_current_official_match,assets/img/course/hp-bar.png,no_current_official_match,,0,,assets/img/course/hp-bar.png,
d96ab3319144353f9cb87ba97fa8cf70521ea2b458ce54ba58c1adbb7e51cddb,9203,1,1,0,exact_current_official_content,assets/models/sfx_d_note.jpg,unique_official_source,assets/models/sfx_l_note.jpg,1,assets/models/sfx_l_note.jpg,assets/models/sfx_d_note.jpg,
fb50c9100b192aa0ef90b883390e5a0b709b504d4b387ad13fd4ddc00787b087,9620,1,1,0,exact_current_official_content,assets/img/note.png,unique_official_source,assets/img/note_dark.png,1,assets/img/note_dark.png,assets/img/note.png,
